"range","equ_of","pol_of","equ_op","pol_op","weighted_equ_of","weighted_pol_of","weighted_equ_op","weighted_pol_op","equ_of_prop","pol_of_prop","equ_op_prop","pol_op_prop","weighted_equ_of_prop","weighted_pol_of_prop","weighted_equ_op_prop","weighted_pol_op_prop","species","source"
"Agkistrodon.contortrix_IUCN",0,289,520,0,0,7658.5,18200,0,0,1,1,0,0,26.5,35,0,"Agkistrodon contortrix","IUCN"
"Agroeca.proxima_GBIF",0,355,1905,4,0,14200,110490,0,0,0.851318944844125,0.968479918657855,1,0,34.052757793765,56.1718352821556,0,"Agroeca proxima","GBIF"
"Alosa.pseudoharengus_IUCN",0,217,307,0,0,7920.5,13047.5,0,0,1,1,0,0,36.5,42.5,0,"Alosa pseudoharengus","IUCN"
"Ameiva.festiva_GBIF",11,20,201,49,77,120,2110.5,563.5,0.215686274509804,0.416666666666667,0.84453781512605,0.636363636363636,1.50980392156863,2.5,8.86764705882353,7.31818181818182,"Ameiva festiva","GBIF"
"Amphibolurus.muricatus_IUCN",0,48,661,165,0,960,19169,1155,0,0.571428571428571,0.977810650887574,0.863874345549738,0,11.4285714285714,28.3565088757396,6.04712041884817,"Amphibolurus muricatus","IUCN"
"Amphibolurus.muricatus_GBIF",0,52,732,30,0,1040,23790,105,0,0.444444444444444,0.934865900383142,0.681818181818182,0,8.88888888888889,30.3831417624521,2.38636363636364,"Amphibolurus muricatus","GBIF"
"Anolis.barbouri_GBIF",0,0,12,43,0,0,12,344,0,0,0.75,0.914893617021277,0,0,0.75,7.31914893617021,"Anolis barbouri","GBIF"
"Anolis.carolinensis_IUCN",0,133,495,62,0,2593.5,13365,372,0,0.815950920245399,0.974409448818898,0.746987951807229,0,15.9110429447853,26.3090551181102,4.48192771084337,"Anolis carolinensis","IUCN"
"Anolis.cooki_GBIF",1,0,3,53,4.5,0,0,477,1,0,1,1,4.5,0,0,9,"Anolis cooki","GBIF"
"Anolis.cristatellus_GBIF",2,0,3,46,9,0,1.5,391,0.333333333333333,0,1,0.92,1.5,0,0.5,7.82,"Anolis cristatellus","GBIF"
"Anolis.gundlachi_GBIF",1,0,3,47,4.5,0,1.5,399.5,0.25,0,1,0.94,1.125,0,0.5,7.99,"Anolis gundlachi","GBIF"
"Anolis.lionotus_IUCN",0,0,206,147,0,0,1648,2352,0,0,0.971698113207547,0.96078431372549,0,0,7.77358490566038,15.3725490196078,"Anolis lionotus","IUCN"
"Austrelaps.superbus_IUCN",0,48,826,0,0,1200,32627,0,0,0.979591836734694,0.998790810157195,0,0,24.4897959183673,39.4522370012092,0,"Austrelaps superbus","IUCN"
"Austrelaps.superbus_GBIF",0,71,808,0,0,1775,30704,0,0,0.788888888888889,0.977025392986699,0,0,19.7222222222222,37.1269649334946,0,"Austrelaps superbus","GBIF"
"Bassiana.duperreyi_GBIF",0,76,773,0,0,1900,27828,0,0,0.584615384615385,0.934703748488513,0,0,14.6153846153846,33.6493349455865,0,"Bassiana duperreyi","GBIF"
"Chamaeleo.dilepis_IUCN",2,23,146,61,19,678.5,6351,1433.5,0.0588235294117647,0.0329985652797704,0.313304721030043,0.136465324384787,0.558823529411765,0.973457675753228,13.6287553648069,3.20693512304251,"Chamaeleo dilepis","IUCN"
"Chamaeleo.jacksonii_GBIF",0,1,99,889,0,5.5,3564,29337,0,0.04,0.908256880733945,0.979074889867841,0,0.22,32.697247706422,32.3094713656388,"Chamaeleo jacksonii","GBIF"
"Clubiona.diversa_GBIF",0,87,3152,11,0,2305.5,168632,170.5,0,0.311827956989247,0.956891317547055,0.180327868852459,0,8.26344086021505,51.1936854887675,2.79508196721311,"Clubiona diversa","GBIF"
"Coleonyx.brevis_IUCN",0,62,467,4,0,1147,13309.5,2,0,0.898550724637681,0.985232067510548,1,0,16.6231884057971,28.0791139240506,0.5,"Coleonyx brevis","IUCN"
"Coleonyx.variegatus_IUCN",0,69,473,0,0,1483.5,13953.5,0,0,0.711340206185567,0.947895791583166,0,0,15.2938144329897,27.9629258517034,0,"Coleonyx variegatus","IUCN"
"Cophosaurus.texanus_IUCN",0,146,319,0,0,3504,9091.5,0,0,1,1,0,0,24,28.5,0,"Cophosaurus texanus","IUCN"
"Cordylus.cordylus_IUCN",0,25,896,0,0,425,28224,0,0,0.568181818181818,0.995555555555556,0,0,9.65909090909091,31.36,0,"Cordylus cordylus","IUCN"
"Cordylus.niger_IUCN",0,1,917,1,0,17,31178,0,0,1,1,1,0,17,34,0,"Cordylus niger","IUCN"
"Cordylus.niger_GBIF",0,2,916,1,0,34,30686,0.5,0,1,1,1,0,17,33.5,0.5,"Cordylus niger","GBIF"
"Cordylus.oelofseni_IUCN",0,3,937,11,0,51,30921,11,0,0.75,0.998933901918977,1,0,12.75,32.9648187633262,1,"Cordylus oelofseni","IUCN"
"Cottus.cognatus_GBIF",0,2134,148,0,0,110968,7992,0,0,1,1,0,0,52,54,0,"Cottus cognatus","GBIF"
"Craugastor.fleischmanni_IUCN",0,0,0,0,0,0,0,0,0,0,0,0,0,0,0,0,"Craugastor fleischmanni","IUCN"
"Crustulina.guttata_GBIF",0,305,3105,14,0,10980,172327.5,91,0,0.745721271393643,0.96849656893325,0.823529411764706,0,26.8459657701712,53.7515595757954,5.35294117647059,"Crustulina guttata","GBIF"
"Ctenophorus.decresii_IUCN",0,21,633,0,0,420,20572.5,0,0,1,1,0,0,20,32.5,0,"Ctenophorus decresii","IUCN"
"Ctenophorus.decresii_GBIF",0,31,632,0,0,651,20540,0,0,0.96875,0.998420221169036,0,0,20.34375,32.4486571879937,0,"Ctenophorus decresii","GBIF"
"Ctenotus.regius_IUCN",0,154,475,0,0,3234,13537.5,0,0,0.797927461139896,0.924124513618677,0,0,16.7564766839378,26.3375486381323,0,"Ctenotus regius","IUCN"
"Ctenotus.regius_GBIF",0,162,466,0,0,3402,13281,0,0,0.771428571428571,0.906614785992218,0,0,16.2,25.8385214007782,0,"Ctenotus regius","GBIF"
"Ctenotus.taeniolatus_IUCN",0,109,351,1,0,2616,9126,0,0,0.756944444444444,0.909326424870466,1,0,18.1666666666667,23.6424870466321,0,"Ctenotus taeniolatus","IUCN"
"Ctenotus.taeniolatus_GBIF",0,157,354,0,0,3768,9381,0,0,0.830687830687831,0.917098445595855,0,0,19.9365079365079,24.3031088082902,0,"Ctenotus taeniolatus","GBIF"
"Ctenotus.uber_IUCN",0,59,424,8,0,1091.5,10812,12,0,0.483606557377049,0.877846790890269,0.666666666666667,0,8.94672131147541,22.3850931677019,1,"Ctenotus uber","IUCN"
"Ctenotus.uber_GBIF",0,327,364,0,0,7684.5,10192,0,0,0.713973799126638,0.735353535353535,0,0,16.778384279476,20.589898989899,0,"Ctenotus uber","GBIF"
"Dendrobates.auratus_IUCN",2,0,209,171,18,0,1672,3420,0.0666666666666667,0,0.928888888888889,0.895287958115183,0.6,0,7.43111111111111,17.9057591623037,"Dendrobates auratus","IUCN"
"Desmognathus.fuscus_IUCN",0,153,530,11,0,3825,20140,66,0,0.698630136986301,0.889261744966443,1,0,17.4657534246575,33.7919463087248,6,"Desmognathus fuscus","IUCN"
"Dipsosaurus.dorsalis_IUCN",0,87,361,0,0,2262,10830,0,0,1,1,0,0,26,30,0,"Dipsosaurus dorsalis","IUCN"
"Egernia.cunninghami_IUCN",0,42,731,59,0,903,22661,118,0,0.736842105263158,0.979892761394102,0.983333333333333,0,15.8421052631579,30.3766756032172,1.96666666666667,"Egernia cunninghami","IUCN"
"Egernia.cunninghami_GBIF",0,80,705,19,0,1720,22560,19,0,0.567375886524823,0.922774869109948,0.730769230769231,0,12.1985815602837,29.5287958115183,0.730769230769231,"Egernia cunninghami","GBIF"
"Egernia.saxatilis_IUCN",0,41,778,0,0,881.5,26841,0,0,1,1,0,0,21.5,34.5,0,"Egernia saxatilis","IUCN"
"Egernia.saxatilis_GBIF",0,64,764,10,0,1376,25212,0,0,0.82051282051282,0.982005141388175,0.909090909090909,0,17.6410256410256,32.4061696658098,0,"Egernia saxatilis","GBIF"
"Egernia.striolata_IUCN",0,100,510,119,0,2100,13770,595,0,0.478468899521531,0.857142857142857,0.777777777777778,0,10.0478468899522,23.1428571428571,3.88888888888889,"Egernia striolata","IUCN"
"Egernia.striolata_GBIF",0,128,471,69,0,2816,12952.5,310.5,0,0.430976430976431,0.791596638655462,0.605263157894737,0,9.48148148148148,21.7689075630252,2.72368421052632,"Egernia striolata","GBIF"
"Eleutherodactylus.coqui_IUCN",1,0,3,47,4.5,0,1.5,399.5,0.25,0,1,0.94,1.125,0,0.5,7.99,"Eleutherodactylus coqui","IUCN"
"Elgaria.multicarinata_IUCN",0,46,635,0,0,1334,24130,0,0,0.676470588235294,0.966514459665145,0,0,19.6176470588235,36.7275494672755,0,"Elgaria multicarinata","IUCN"
"Eremias.argus_IUCN",0,555,2879,2,0,17482.5,118039,4,0,1,1,1,0,31.5,41,2,"Eremias argus","IUCN"
"Eremias.brenchleyi_IUCN",0,134,2589,22,0,2948,90615,66,0,1,1,1,0,22,35,3,"Eremias brenchleyi","IUCN"
"Eremias.multiocellata_IUCN",0,153,1537,0,0,5737.5,71470.5,0,0,1,1,0,0,37.5,46.5,0,"Eremias multiocellata","IUCN"
"Eremias.multiocellata_GBIF",0,439,1537,0,0,15584.5,63785.5,0,0,1,1,0,0,35.5,41.5,0,"Eremias multiocellata","GBIF"
"Eremiascincus.fasciolatus_IUCN",0,13,369,88,0,175.5,8302.5,396,0,0.240740740740741,0.936548223350254,0.846153846153846,0,3.25,21.0723350253807,3.80769230769231,"Eremiascincus fasciolatus","IUCN"
"Eremiascincus.fasciolatus_GBIF",0,281,181,2,0,5760.5,4344,6,0,0.470686767169179,0.389247311827957,0.0294117647058824,0,9.64907872696817,9.34193548387097,0.0882352941176471,"Eremiascincus fasciolatus","GBIF"
"Eulamprus.heatwolei_IUCN",0,36,677,0,0,774,23018,0,0,0.947368421052632,0.997054491899853,0,0,20.3684210526316,33.899852724595,0,"Eulamprus heatwolei","IUCN"
"Eulamprus.kosciuskoi_IUCN",0,5,760,53,0,92.5,24700,238.5,0,0.357142857142857,0.988296488946684,1,0,6.60714285714286,32.1196358907672,4.5,"Eulamprus kosciuskoi","IUCN"
"Eulamprus.kosciuskoi_GBIF",0,20,745,74,0,350,23840,370,0,0.4,0.968790637191157,0.880952380952381,0,7,31.001300390117,4.40476190476191,"Eulamprus kosciuskoi","GBIF"
"Eulamprus.quoyii_IUCN",0,75,485,134,0,1575,12852.5,737,0,0.539568345323741,0.920303605313093,0.858974358974359,0,11.3309352517986,24.388045540797,4.72435897435897,"Eulamprus quoyii","IUCN"
"Eulamprus.quoyii_GBIF",0,113,539,58,0,2486,15631,174,0,0.506726457399103,0.839563862928349,0.753246753246753,0,11.1479820627803,24.3473520249221,2.25974025974026,"Eulamprus quoyii","GBIF"
"Eulamprus.tympanum_IUCN",0,41,719,0,0,840.5,25524.5,0,0,0.931818181818182,1,0,0,19.1022727272727,35.5,0,"Eulamprus tympanum","IUCN"
"Eulamprus.tympanum_GBIF",0,45,619,10,0,922.5,20736.5,35,0,0.326086956521739,0.893217893217893,0.344827586206897,0,6.68478260869565,29.9227994227994,1.20689655172414,"Eulamprus tympanum","GBIF"
"Eurycea.bislineata_IUCN",0,186,607,1,0,5394,26708,0,0,1,1,1,0,29,44,0,"Eurycea bislineata","IUCN"
"Gehyra.variegata_IUCN",0,37,478,80,0,629,12667,440,0,0.193717277486911,0.859712230215827,0.512820512820513,0,3.29319371727749,22.7823741007194,2.82051282051282,"Gehyra variegata","IUCN"
"Gehyra.variegata_GBIF",6,159,126,3,36,3339,2961,25.5,0.0674157303370786,0.233137829912023,0.290322580645161,0.0107913669064748,0.404494382022472,4.89589442815249,6.82258064516129,0.091726618705036,"Gehyra variegata","GBIF"
"Hemachatus.haemachatus_IUCN",0,1,884,27,0,17,25636,135,0,0.0142857142857143,0.965065502183406,0.385714285714286,0,0.242857142857143,27.9868995633188,1.92857142857143,"Hemachatus haemachatus","IUCN"
"Hemidactylus.frenatus_IUCN",3,141,106,1121,69,4089,2650,34751,0.0967741935483871,0.228155339805825,0.616279069767442,0.731723237597911,2.2258064516129,6.61650485436893,15.406976744186,22.6834203655352,"Hemidactylus frenatus","IUCN"
"Hemidactylus.turcicus_IUCN",0,233,1422,0,0,7456,49059,0,0,0.995726495726496,0.999297259311314,0,0,31.8632478632479,34.4757554462403,0,"Hemidactylus turcicus","IUCN"
"Hemiergis.decresiensis_IUCN",0,25,565,0,0,537.5,18927.5,0,0,1,1,0,0,21.5,33.5,0,"Hemiergis decresiensis","IUCN"
"Heteronotia.binoei_IUCN",6,357,122,0,21,7675.5,2745,0,0.176470588235294,0.536036036036036,0.313624678663239,0,0.617647058823529,11.5247747747748,7.05655526992288,0,"Heteronotia binoei","IUCN"
"Heteronotia.binoei_GBIF",6,394,122,0,21,8865,2806,0,0.176470588235294,0.560455192034139,0.28978622327791,0,0.617647058823529,12.6102418207681,6.66508313539192,0,"Heteronotia binoei","GBIF"
"Hypomesus.nipponensis_GBIF",0,80,80,2,0,2120,3040,2,0,1,1,1,0,26.5,38,1,"Hypomesus nipponensis","GBIF"
"Lacerta.agilis_IUCN",0,1535,2404,0,0,68307.5,120200,0,0,1,1,0,0,44.5,50,0,"Lacerta agilis","IUCN"
"Lampropholis.delicata_IUCN",0,71,604,89,0,1881.5,17818,311.5,0,0.496503496503497,0.901492537313433,0.917525773195876,0,13.1573426573427,26.5940298507463,3.21134020618557,"Lampropholis delicata","IUCN"
"Lampropholis.delicata_GBIF",5,121,304,144,52.5,3206.5,7448,1224,0.102040816326531,0.305555555555556,0.64818763326226,0.483221476510067,1.07142857142857,8.09722222222222,15.8805970149254,4.10738255033557,"Lampropholis delicata","GBIF"
"Lampropholis.guichenoti_IUCN",0,46,747,54,0,943,23904,270,0,0.433962264150943,0.95280612244898,0.642857142857143,0,8.89622641509434,30.4897959183673,3.21428571428571,"Lampropholis guichenoti","IUCN"
"Lampropholis.guichenoti_GBIF",0,48,717,19,0,984,23661,76,0,0.298136645962733,0.887376237623762,0.358490566037736,0,6.11180124223602,29.2834158415842,1.43396226415094,"Lampropholis guichenoti","GBIF"
"Lepidophyma.flavimaculatum_IUCN",0,4,287,80,0,26,4018,1040,0,0.114285714285714,0.916932907348243,0.720720720720721,0,0.742857142857143,12.8370607028754,9.36936936936937,"Lepidophyma flavimaculatum","IUCN"
"Lepomis.gibbosus_GBIF",0,492,534,0,0,15252,21894,0,0,0.989939637826962,0.990723562152134,0,0,30.6881287726358,40.6196660482375,0,"Lepomis gibbosus","GBIF"
"Linepithema.humile_GBIF",0,52,788,7,0,1118,23246,94.5,0,0.13903743315508,0.762826718296225,0.0416666666666667,0,2.98930481283422,22.5033881897386,0.5625,"Linepithema humile","GBIF"
"Liolaemus.abaucan_IUCN",0,1,610,0,0,17.5,16470,0,0,1,1,0,0,17.5,27,0,"Liolaemus abaucan","IUCN"
"Liolaemus.albiceps_IUCN",0,1,860,104,0,9,20640,624,0,1,1,1,0,9,24,6,"Liolaemus albiceps","IUCN"
"Liolaemus.bibronii_IUCN",0,53,900,0,0,1802,39600,0,0,1,1,0,0,34,44,0,"Liolaemus bibronii","IUCN"
"Liolaemus.bibronii_GBIF",0,99,900,0,0,3267,35100,0,0,1,1,0,0,33,39,0,"Liolaemus bibronii","GBIF"
"Liolaemus.boulengeri_IUCN",0,18,872,0,0,567,37496,0,0,1,1,0,0,31.5,43,0,"Liolaemus boulengeri","IUCN"
"Liolaemus.boulengeri_GBIF",0,112,872,0,0,3976,35752,0,0,1,1,0,0,35.5,41,0,"Liolaemus boulengeri","GBIF"
"Liolaemus.canqueli_IUCN",0,6,947,0,0,174,41194.5,0,0,1,1,0,0,29,43.5,0,"Liolaemus canqueli","IUCN"
"Liolaemus.capillitas_IUCN",0,3,890,40,0,36,23585,140,0,0.75,1,0.975609756097561,0,9,26.5,3.41463414634146,"Liolaemus capillitas","IUCN"
"Liolaemus.chacoensis_IUCN",0,51,650,0,0,1122,17225,0,0,1,1,0,0,22,26.5,0,"Liolaemus chacoensis","IUCN"
"Liolaemus.cuyanus_IUCN",0,17,790,0,0,425,25280,0,0,1,1,0,0,25,32,0,"Liolaemus cuyanus","IUCN"
"Liolaemus.darwinii_IUCN",0,73,849,0,0,2190,30564,0,0,1,1,0,0,30,36,0,"Liolaemus darwinii","IUCN"
"Liolaemus.darwinii_GBIF",0,78,849,0,0,2184,28441.5,0,0,1,1,0,0,28,33.5,0,"Liolaemus darwinii","GBIF"
"Liolaemus.dorbignyi_IUCN",0,1,883,19,0,13,23841,19,0,1,1,1,0,13,27,1,"Liolaemus dorbignyi","IUCN"
"Liolaemus.elongatus_IUCN",0,28,928,0,0,826,38048,0,0,1,1,0,0,29.5,41,0,"Liolaemus elongatus","IUCN"
"Liolaemus.elongatus_GBIF",0,110,928,0,0,3465,35264,0,0,1,1,0,0,31.5,38,0,"Liolaemus elongatus","GBIF"
"Liolaemus.fitzingerii_IUCN",0,31,907,0,0,1069.5,42175.5,0,0,1,1,0,0,34.5,46.5,0,"Liolaemus fitzingerii","IUCN"
"Liolaemus.irregularis_IUCN",0,2,843,105,0,18,19810.5,682.5,0,1,1,1,0,9,23.5,6.5,"Liolaemus irregularis","IUCN"
"Liolaemus.kingii_IUCN",0,39,946,0,0,1365,43516,0,0,1,1,0,0,35,46,0,"Liolaemus kingii","IUCN"
"Liolaemus.kingii_GBIF",0,67,946,0,0,2412,43516,0,0,1,1,0,0,36,46,0,"Liolaemus kingii","GBIF"
"Liolaemus.koslowskyi_IUCN",0,6,738,0,0,105,20664,0,0,1,1,0,0,17.5,28,0,"Liolaemus koslowskyi","IUCN"
"Liolaemus.kriegi_IUCN",0,13,930,0,0,357.5,37200,0,0,1,1,0,0,27.5,40,0,"Liolaemus kriegi","IUCN"
"Liolaemus.kriegi_GBIF",0,11,930,0,0,291.5,35805,0,0,1,1,0,0,26.5,38.5,0,"Liolaemus kriegi","GBIF"
"Liolaemus.laurenti_IUCN",0,6,780,0,0,120,23400,0,0,1,1,0,0,20,30,0,"Liolaemus laurenti","IUCN"
"Liolaemus.laurenti_GBIF",0,35,780,0,0,770,23400,0,0,1,1,0,0,22,30,0,"Liolaemus laurenti","GBIF"
"Liolaemus.melanops_IUCN",0,11,994,0,0,302.5,41748,0,0,1,1,0,0,27.5,42,0,"Liolaemus melanops","IUCN"
"Liolaemus.multicolor_IUCN",0,6,813,100,0,57,18292.5,650,0,1,1,1,0,9.5,22.5,6.5,"Liolaemus multicolor","IUCN"
"Liolaemus.multimaculatus_IUCN",0,9,885,0,0,243,34072.5,0,0,1,1,0,0,27,38.5,0,"Liolaemus multimaculatus","IUCN"
"Liolaemus.olongasta_IUCN",0,8,797,0,0,156,24308.5,0,0,1,1,0,0,19.5,30.5,0,"Liolaemus olongasta","IUCN"
"Liolaemus.petrophilus_IUCN",0,20,935,0,0,600,39737.5,0,0,1,1,0,0,30,42.5,0,"Liolaemus petrophilus","IUCN"
"Liolaemus.poecilochromus_IUCN",0,4,853,19,0,50,21751.5,28.5,0,1,1,1,0,12.5,25.5,1.5,"Liolaemus poecilochromus","IUCN"
"Liolaemus.pseudoanomalus_IUCN",0,6,780,0,0,102,21840,0,0,1,1,0,0,17,28,0,"Liolaemus pseudoanomalus","IUCN"
"Liolaemus.quilmes_IUCN",0,3,865,35,0,36,22057.5,87.5,0,1,1,1,0,12,25.5,2.5,"Liolaemus quilmes","IUCN"
"Liolaemus.quilmes_GBIF",0,4,876,24,0,52,23214,36,0,1,1,1,0,13,26.5,1.5,"Liolaemus quilmes","GBIF"
"Liolaemus.riojanus_IUCN",0,6,836,0,0,114,25916,0,0,1,1,0,0,19,31,0,"Liolaemus riojanus","IUCN"
"Liolaemus.robertmertensi_IUCN",0,5,693,0,0,85,18711,0,0,1,1,0,0,17,27,0,"Liolaemus robertmertensi","IUCN"
"Liolaemus.rothi_IUCN",0,17,999,0,0,442,38961,0,0,1,1,0,0,26,39,0,"Liolaemus rothi","IUCN"
"Liolaemus.rothi_GBIF",0,39,999,0,0,1092,39460.5,0,0,1,1,0,0,28,39.5,0,"Liolaemus rothi","GBIF"
"Liolaemus.salinicola_IUCN",0,4,685,0,0,68,18837.5,0,0,1,1,0,0,17,27.5,0,"Liolaemus salinicola","IUCN"
"Liolaemus.scapularis_IUCN",0,3,863,9,0,40.5,22869.5,4.5,0,1,1,1,0,13.5,26.5,0.5,"Liolaemus scapularis","IUCN"
"Liolaemus.telsen_IUCN",0,8,884,0,0,224,36244,0,0,1,1,0,0,28,41,0,"Liolaemus telsen","IUCN"
"Liolaemus.xanthoviridis_IUCN",0,5,919,0,0,152.5,40436,0,0,1,1,0,0,30.5,44,0,"Liolaemus xanthoviridis","IUCN"
"Lophognathus.gilberti_IUCN",4,1,153,543,28,6,2677.5,10045.5,0.0373831775700935,0.0172413793103448,0.653846153846154,0.905,0.261682242990654,0.103448275862069,11.4423076923077,16.7425,"Lophognathus gilberti","IUCN"
"Moloch.horridus_IUCN",0,1,358,167,0,16,8950,1503,0,0.0033003300330033,0.695145631067961,0.49702380952381,0,0.0528052805280528,17.378640776699,4.47321428571429,"Moloch horridus","IUCN"
"Moloch.horridus_GBIF",0,8,316,103,0,136,8058,875.5,0,0.0200501253132832,0.613592233009709,0.349152542372881,0,0.340852130325815,15.6466019417476,2.96779661016949,"Moloch horridus","GBIF"
"Myrmecocystus.mimicus_GBIF",0,234,417,0,0,5850,13344,0,0,0.983193277310924,0.990498812351544,0,0,24.5798319327731,31.6959619952494,0,"Myrmecocystus mimicus","GBIF"
"Nannoscincus.maccoyi_GBIF",0,57,472,0,0,1254,16992,0,0,0.95,0.993684210526316,0,0,20.9,35.7726315789474,0,"Nannoscincus maccoyi","GBIF"
"Niveoscincus.metallicus_GBIF",0,67,768,0,0,1675,29184,0,0,0.858974358974359,0.985879332477535,0,0,21.474358974359,37.4634146341463,0,"Niveoscincus metallicus","GBIF"
"Niveoscincus.ocellatus_GBIF",0,14,810,0,0,350,33210,0,0,1,1,0,0,25,41,0,"Niveoscincus ocellatus","GBIF"
"Notechis.scutatus_IUCN",0,61,525,5,0,1494.5,17587.5,17.5,0,0.426573426573427,0.908304498269896,0.147058823529412,0,10.4510489510489,30.4282006920415,0.514705882352941,"Notechis scutatus","IUCN"
"Oedothorax.apicatus_GBIF",0,228,2788,6,0,8208,157522,21,0,0.757475083056478,0.976190476190476,0.545454545454545,0,27.2691029900332,55.1547619047619,1.90909090909091,"Oedothorax apicatus","GBIF"
"Pardosa.nigriceps_GBIF",0,255,2419,0,0,9690,141511.5,0,0,0.765765765765766,0.969150641025641,0,0,29.0990990990991,56.6953125,0,"Pardosa nigriceps","GBIF"
"Philodromus.aureolus_GBIF",0,155,3343,4,0,5270,185536.5,58,0,0.342920353982301,0.927323162274619,0.102564102564103,0,11.6592920353982,51.4664355062413,1.48717948717949,"Philodromus aureolus","GBIF"
"Phrynosoma.cornutum_IUCN",0,210,450,0,0,5145,13725,0,0,0.990566037735849,0.995575221238938,0,0,24.2688679245283,30.3650442477876,0,"Phrynosoma cornutum","IUCN"
"Phymaturus.antofagastensis_IUCN",0,2,801,0,0,29,21226.5,0,0,1,1,0,0,14.5,26.5,0,"Phymaturus antofagastensis","IUCN"
"Phymaturus.dorsimaculatus_IUCN",0,2,842,0,0,48,31154,0,0,1,1,0,0,24,37,0,"Phymaturus dorsimaculatus","IUCN"
"Phymaturus.indistinctus_IUCN",0,1,946,0,0,30,42570,0,0,1,1,0,0,30,45,0,"Phymaturus indistinctus","IUCN"
"Phymaturus.palluma_IUCN",0,5,817,0,0,112.5,27778,0,0,1,1,0,0,22.5,34,0,"Phymaturus palluma","IUCN"
"Phymaturus.somuncurensis_IUCN",0,2,994,0,0,51,40754,0,0,1,1,0,0,25.5,41,0,"Phymaturus somuncurensis","IUCN"
"Phymaturus.tenebrosus_IUCN",0,2,856,0,0,55,34668,0,0,1,1,0,0,27.5,40.5,0,"Phymaturus tenebrosus","IUCN"
"Phymaturus.tenebrosus_GBIF",0,2,856,0,0,55,34668,0,0,1,1,0,0,27.5,40.5,0,"Phymaturus tenebrosus","GBIF"
"Phymaturus.zapalensis_IUCN",0,4,886,0,0,104,34554,0,0,1,1,0,0,26,39,0,"Phymaturus zapalensis","IUCN"
"Phymaturus.zapalensis_GBIF",0,3,886,0,0,78,34554,0,0,1,1,0,0,26,39,0,"Phymaturus zapalensis","GBIF"
"Platysaurus.intermedius_IUCN",0,1,725,104,0,10.5,15587.5,1196,0,0.0204081632653061,0.955204216073781,0.859504132231405,0,0.214285714285714,20.5368906455863,9.88429752066116,"Platysaurus intermedius","IUCN"
"Plestiodon.chinensis_IUCN",0,224,1958,109,0,4592,53845,599.5,0,0.8715953307393,0.983425414364641,1,0,17.8677042801556,27.0441988950276,5.5,"Plestiodon chinensis","IUCN"
"Plestiodon.elegans_IUCN",0,335,1686,0,0,8877.5,51423,0,0,0.973837209302326,0.994690265486726,0,0,25.8066860465116,30.3380530973451,0,"Plestiodon elegans","IUCN"
"Plestiodon.gilberti_IUCN",0,45,496,0,0,1080,17112,0,0,1,1,0,0,24,34.5,0,"Plestiodon gilberti","IUCN"
"Podarcis.muralis_IUCN",0,311,2425,0,0,10729.5,105487.5,0,0,1,1,0,0,34.5,43.5,0,"Podarcis muralis","IUCN"
"Poeciliopsis.occidentalis_GBIF",0,22,535,12,0,385,16050,36,0,0.647058823529412,0.97985347985348,0.705882352941177,0,11.3235294117647,29.3956043956044,2.11764705882353,"Poeciliopsis occidentalis","GBIF"
"Prinerigone.vagans_GBIF",0,1,1685,53,0,23,86777.5,556.5,0,0.0232558139534884,0.985380116959064,0.757142857142857,0,0.534883720930233,50.7470760233918,7.95,"Prinerigone vagans","GBIF"
"Protobothrops.mucrosquamatus_IUCN",0,283,1032,88,0,6226,28896,528,0,0.720101781170484,0.903677758318739,1,0,15.8422391857506,25.3029772329247,6,"Protobothrops mucrosquamatus","IUCN"
"Psammodromus.algirus_IUCN",0,87,2240,0,0,1827,72800,0,0,0.956043956043956,0.998217468805704,0,0,20.0769230769231,32.4420677361854,0,"Psammodromus algirus","IUCN"
"Psammodromus.hispanicus_IUCN",0,77,2176,0,0,2194.5,87040,0,0,1,1,0,0,28.5,40,0,"Psammodromus hispanicus","IUCN"
"Pseudacris.cadaverina_IUCN",0,2,627,93,0,27,20064,1023,0,0.1,0.98740157480315,0.894230769230769,0,1.35,31.5968503937008,9.83653846153846,"Pseudacris cadaverina","IUCN"
"Pseudacris.regilla_IUCN",0,200,654,0,0,6800,25179,0,0,0.840336134453782,0.950581395348837,0,0,28.5714285714286,36.5973837209302,0,"Pseudacris regilla","IUCN"
"Pseudemoia.entrecasteauxii_IUCN",0,65,802,0,0,1592.5,29674,0,0,0.65,0.958183990442055,0,0,15.925,35.452807646356,0,"Pseudemoia entrecasteauxii","IUCN"
"Pseudemoia.entrecasteauxii_GBIF",0,68,765,0,0,1666,27922.5,0,0,0.485714285714286,0.915071770334928,0,0,11.9,33.4001196172249,0,"Pseudemoia entrecasteauxii","GBIF"
"Pseudemoia.spenceri_IUCN",0,26,838,4,0,533,30168,4,0,0.962962962962963,0.99880810488677,1,0,19.7407407407407,35.9570917759237,1,"Pseudemoia spenceri","IUCN"
"Pseudemoia.spenceri_GBIF",0,35,827,10,0,682.5,28945,20,0,0.777777777777778,0.989234449760766,0.666666666666667,0,15.1666666666667,34.6232057416268,1.33333333333333,"Pseudemoia spenceri","GBIF"
"Pseudonaja.textilis_IUCN",0,64,335,207,0,1344,8375,1863,0,0.200626959247649,0.650485436893204,0.616071428571429,0,4.21316614420063,16.2621359223301,5.54464285714286,"Pseudonaja textilis","IUCN"
"Rana.cascadae_IUCN",0,35,478,0,0,945,20793,0,0,1,1,0,0,27,43.5,0,"Rana cascadae","IUCN"
"Rana.pretiosa_IUCN",0,22,573,0,0,616,25785,0,0,1,1,0,0,28,45,0,"Rana pretiosa","IUCN"
"Rankinia.diemensis_IUCN",0,55,814,0,0,1402.5,29711,0,0,0.846153846153846,0.987864077669903,0,0,21.5769230769231,36.0570388349515,0,"Rankinia diemensis","IUCN"
"Sceloporus.graciosus_IUCN",0,229,460,0,0,7671.5,18400,0,0,1,1,0,0,33.5,40,0,"Sceloporus graciosus","IUCN"
"Sceloporus.malachiticus_IUCN",0,0,283,144,0,0,3254.5,2520,0,0,0.975862068965517,0.923076923076923,0,0,11.2224137931034,16.1538461538462,"Sceloporus malachiticus","IUCN"
"Sceloporus.merriami_IUCN",0,26,356,0,0,494,9968,0,0,1,1,0,0,19,28,0,"Sceloporus merriami","IUCN"
"Sceloporus.occidentalis_IUCN",0,146,561,0,0,4599,21318,0,0,0.941935483870968,0.984210526315789,0,0,29.6709677419355,37.4,0,"Sceloporus occidentalis","IUCN"
"Sceloporus.undulatus_IUCN",0,494,415,0,0,15067,13695,0,0,1,1,0,0,30.5,33,0,"Sceloporus undulatus","IUCN"
"Sceloporus.variabilis_IUCN",0,47,322,53,0,752,6279,450.5,0,0.489583333333333,0.845144356955381,0.883333333333333,0,7.83333333333333,16.4803149606299,7.50833333333333,"Sceloporus variabilis","IUCN"
"Scotina.gracilipes_GBIF",0,154,2916,8,0,5236,161838,20,0,0.68141592920354,0.977211796246649,0.666666666666667,0,23.1681415929204,54.235254691689,1.66666666666667,"Scotina gracilipes","GBIF"
"Spea.hammondii_IUCN",0,6,680,9,0,117,23460,58.5,0,0.193548387096774,0.979827089337176,0.45,0,3.7741935483871,33.8040345821326,2.925,"Spea hammondii","IUCN"
"Sphaerodactylus.gaigeae_IUCN",0,0,14,44,0,0,14,308,0,0,0.875,0.956521739130435,0,0,0.875,6.69565217391304,"Sphaerodactylus gaigeae","IUCN"
"Sphaerodactylus.klauberi_IUCN",0,0,13,47,0,0,13,376,0,0,0.8125,0.94,0,0,0.8125,7.52,"Sphaerodactylus klauberi","IUCN"
"Sphaerodactylus.macrolepis_IUCN",3,0,3,47,13.5,0,1.5,399.5,0.5,0,1,0.94,2.25,0,0.5,7.99,"Sphaerodactylus macrolepis","IUCN"
"Sphaerodactylus.nicholsi_IUCN",1,0,3,48,4.5,0,1.5,408,0.333333333333333,0,1,0.96,1.5,0,0.5,8.16,"Sphaerodactylus nicholsi","IUCN"
"Sphaerodactylus.roosevelti_IUCN",1,0,3,53,4.5,0,0,477,1,0,1,1,4.5,0,0,9,"Sphaerodactylus roosevelti","IUCN"
"Sphaerodactylus.roosevelti_GBIF",1,0,3,48,4.5,0,1.5,408,0.333333333333333,0,1,0.96,1.5,0,0.5,8.16,"Sphaerodactylus roosevelti","GBIF"
"Sphaerodactylus.townsendi_IUCN",1,0,3,48,4.5,0,1.5,408,0.333333333333333,0,1,0.96,1.5,0,0.5,8.16,"Sphaerodactylus townsendi","IUCN"
"Sphenomorphus.incognitus_IUCN",0,183,1024,5,0,3385.5,25088,2.5,0,1,1,1,0,18.5,24.5,0.5,"Sphenomorphus incognitus","IUCN"
"Sphenomorphus.indicus_GBIF",19,262,709,266,351.5,4585,13471,5320,0.109826589595376,0.704301075268817,0.821552723059096,0.683804627249357,2.03179190751445,12.3252688172043,15.6095017381228,13.6760925449871,"Sphenomorphus indicus","GBIF"
"Stemonyphantes.lineatus_GBIF",0,126,3184,11,0,3465,175120,176,0,0.33245382585752,0.943687018375815,0.123595505617978,0,9.14248021108179,51.9027860106698,1.97752808988764,"Stemonyphantes lineatus","GBIF"
"Takydromus.formosanus_IUCN",0,0,1879,625,0,0,43217,7500,0,0,0.998936735778841,0.996810207336523,0,0,22.9755449229133,11.9617224880383,"Takydromus formosanus","IUCN"
"Takydromus.formosanus_GBIF",0,1,1877,535,0,7.5,44109.5,6152.5,0,0.142857142857143,0.997873471557682,0.996275605214153,0,1.07142857142857,23.4500265816055,11.4571694599628,"Takydromus formosanus","GBIF"
"Takydromus.hsuehshanensis_IUCN",0,0,2009,740,0,0,48216,11100,0,0,0.999005469915465,0.997304582210243,0,0,23.9761312779712,14.9595687331536,"Takydromus hsuehshanensis","IUCN"
"Takydromus.septentrionalis_IUCN",0,319,2505,22,0,7656,78907.5,99,0,0.938235294117647,0.991686460807601,1,0,22.5176470588235,31.2381235154394,4.5,"Takydromus septentrionalis","IUCN"
"Takydromus.sexlineatus_IUCN",0,7,538,1291,0,196,12912,56804,0,0.0813953488372093,0.838006230529595,0.860666666666667,0,2.27906976744186,20.1121495327103,37.8693333333333,"Takydromus sexlineatus","IUCN"
"Takydromus.stejnegeri_IUCN",0,1,1874,492,0,8.5,44039,4674,0,0.2,0.998933901918977,0.995951417004049,0,1.7,23.4749466950959,9.46153846153846,"Takydromus stejnegeri","IUCN"
"Takydromus.stejnegeri_GBIF",0,1,1872,492,0,8.5,43992,4674,0,0.142857142857143,0.997867803837953,0.995951417004049,0,1.21428571428571,23.4498933901919,9.46153846153846,"Takydromus stejnegeri","GBIF"
"Tarentola.boettgeri_IUCN",0,3,1901,69,0,36,52277.5,310.5,0,0.75,0.999474237644585,1,0,9,27.4855415352261,4.5,"Tarentola boettgeri","IUCN"
"Thamnophis.elegans_IUCN",0,374,650,0,0,14212,28275,0,0,0.961439588688946,0.977443609022556,0,0,36.5347043701799,42.5187969924812,0,"Thamnophis elegans","IUCN"
"Thamnophis.ordinoides_IUCN",0,45,576,0,0,1462.5,26208,0,0,1,1,0,0,32.5,45.5,0,"Thamnophis ordinoides","IUCN"
"Thamnophis.sirtalis_IUCN",0,1144,541,0,0,49764,23263,0,0,0.970313825275657,0.939236111111111,0,0,42.2086513994911,40.3871527777778,0,"Thamnophis sirtalis","IUCN"
"Tiliqua.nigrolutea_IUCN",0,67,749,0,0,1775.5,27713,0,0,1,1,0,0,26.5,37,0,"Tiliqua nigrolutea","IUCN"
"Tiliqua.nigrolutea_GBIF",0,99,748,0,0,2623.5,27676,0,0,0.99,0.998664886515354,0,0,26.235,36.9506008010681,0,"Tiliqua nigrolutea","GBIF"
"Tiliqua.rugosa_IUCN",0,59,530,6,0,1239,15900,24,0,0.176119402985075,0.743338008415147,0.0444444444444444,0,3.69850746268657,22.3001402524544,0.177777777777778,"Tiliqua rugosa","IUCN"
"Tiliqua.rugosa_GBIF",0,71,281,0,0,1420,7727.5,0,0,0.118333333333333,0.471476510067114,0,0,2.36666666666667,12.9656040268456,0,"Tiliqua rugosa","GBIF"
"Tlalocohyla.smithii_IUCN",1,3,375,163,1.5,25.5,7500,2119,0.142857142857143,0.0789473684210526,0.925925925925926,0.92090395480226,0.214285714285714,0.671052631578947,18.5185185185185,11.9717514124294,"Tlalocohyla smithii","IUCN"
"Trapelus.savignii_IUCN",0,10,1798,0,0,175,53940,0,0,1,1,0,0,17.5,30,0,"Trapelus savignii","IUCN"
"Uta.stansburiana_IUCN",0,266,458,0,0,8512,15801,0,0,0.875,0.923387096774194,0,0,28,31.8568548387097,0,"Uta stansburiana","IUCN"
"Uta.stansburiana_GBIF",0,396,447,0,0,13464,15868.5,0,0,0.889887640449438,0.901209677419355,0,0,30.2561797752809,31.9929435483871,0,"Uta stansburiana","GBIF"
"Varanus.varius_IUCN",0,85,510,170,0,1827.5,13515,1105,0,0.524691358024691,0.91726618705036,0.829268292682927,0,11.2808641975309,24.3075539568345,5.39024390243902,"Varanus varius","IUCN"
"Varanus.varius_GBIF",0,98,420,157,0,2107,10920,1099,0,0.333333333333333,0.755395683453237,0.638211382113821,0,7.16666666666667,19.6402877697842,4.46747967479675,"Varanus varius","GBIF"
"Xantusia.riversiana_IUCN",0,2,522,0,0,35,16965,0,0,1,1,0,0,17.5,32.5,0,"Xantusia riversiana","IUCN"
"Xantusia.vigilis_IUCN",0,36,542,8,0,774,16531,20,0,0.620689655172414,0.973070017953321,0.533333333333333,0,13.3448275862069,29.6786355475763,1.33333333333333,"Xantusia vigilis","IUCN"
"Zootoca.vivipara_IUCN",0,2403,2739,0,0,123754.5,153384,0,0,1,1,0,0,51.5,56,0,"Zootoca vivipara","IUCN"
"Dascyllus.aruanus_GBIF",6,122,1138,4617,189,6893,38692,272403,0.0177514792899408,0.0386198163975942,0.365329052969502,0.515693063777505,0.559171597633136,2.18201962646407,12.4211878009631,30.4258907628728,"Dascyllus aruanus","GBIF"
"Engraulis.japonicus_IUCN",4,160,8541,2300,46,2800,286123.5,63250,0.0350877192982456,0.597014925373134,0.9824016563147,0.972515856236786,0.403508771929825,10.4477611940298,32.9104554865424,26.7441860465116,"Engraulis japonicus","IUCN"
"Fundulus.parvipinnis_GBIF",6,0,8289,5082,87,0,256959,233772,0.181818181818182,0,0.997713047664901,0.997840172786177,2.63636363636364,0,30.9291044776119,45.9006479481641,"Fundulus parvipinnis","GBIF"
"Halichoeres.dispilus_IUCN",2,11,1977,7318,41,324.5,90942,270766,0.333333333333333,0.0738255033557047,0.984561752988048,0.983998924297432,6.83333333333333,2.17785234899329,45.2898406374502,36.407960199005,"Halichoeres dispilus","IUCN"
"Malacoctenus.zonifer_IUCN",2,7,3375,6873,9,164.5,185625,247428,0.333333333333333,0.0729166666666667,0.987419543592744,0.992347675425931,1.5,1.71354166666667,54.3080748976009,35.7245163153335,"Malacoctenus zonifer","IUCN"
"Menidia.menidia_GBIF",7,42,9210,4144,105,378,331560,174048,0.0333333333333333,0.385321100917431,0.982819336250133,0.974371032212556,0.5,3.46788990825688,35.3814961050048,40.9235833529273,"Menidia menidia","GBIF"
"Oncorhynchus.tshawytscha_GBIF",18,394,5509,2289,117,10441,272695.5,67525.5,0.692307692307692,0.757692307692308,0.995842371655821,0.95375,4.5,20.0788461538462,49.2941973969631,28.135625,"Oncorhynchus tshawytscha","GBIF"
"Periophthalmus.kalolo_GBIF",9,68,499,10233,297,2788,20459,501417,0.104651162790698,0.0900662251655629,0.876977152899824,0.922473632020193,3.45348837209302,3.69271523178808,35.9560632688928,45.2012079689895,"Periophthalmus kalolo","GBIF"
"Plagiotremus.azaleus_IUCN",3,11,3065,6856,48,352,159380,246816,0.15,0.0647058823529412,0.979859335038363,0.984067747954643,2.4,2.07058823529412,50.9526854219949,35.4264389263672,"Plagiotremus azaleus","IUCN"
"Sphoeroides.maculatus_IUCN",0,179,10214,1070,0,3759,418774,22470,0,0.856459330143541,0.996974133723768,0.998134328358209,0,17.9856459330144,40.8759394826745,20.9608208955224,"Sphoeroides maculatus","IUCN"
"Tautogolabrus.adspersus_IUCN",2,135,10744,2423,7,2767.5,515712,75113,0.111111111111111,0.630841121495327,0.991235353814928,0.999587458745875,0.388888888888889,12.9322429906542,47.5792969831165,30.9872112211221,"Tautogolabrus adspersus","IUCN"
"Thalassoma.lucasanum_IUCN",2,12,2517,6552,30,348,120816,222768,0.333333333333333,0.0774193548387097,0.982052282481467,0.983931521249437,5,2.24516129032258,47.1385095591104,33.4536717224809,"Thalassoma lucasanum","IUCN"
"Anodontia.bullula_GBIF",102,4,100,137,1989,22,1450,3904.5,0.404761904761905,0.210526315789474,0.460829493087558,0.740540540540541,7.89285714285714,1.15789473684211,6.68202764976959,21.1054054054054,"Anodontia bullula","GBIF"
"Barbatia.pistachia_GBIF",0,41,282,2,0,881.5,9729,17,0,0.308270676691729,0.846846846846847,0.0465116279069767,0,6.62781954887218,29.2162162162162,0.395348837209302,"Barbatia pistachia","GBIF"
"Cerastoderma.edule_GBIF",16,135,1078,707,208,3915,52822,23331,0.228571428571429,0.311778290993072,0.915110356536503,0.734927234927235,2.97142857142857,9.04157043879908,44.8404074702886,24.2525987525988,"Cerastoderma edule","GBIF"
"Divaricella.irpex_GBIF",66,4,143,108,825,30,2717,2592,0.377142857142857,0.166666666666667,0.588477366255144,0.744827586206897,4.71428571428571,1.25,11.1810699588477,17.8758620689655,"Divaricella irpex","GBIF"
"Halozetes.belgicae_GBIF",0,0,0,814,0,0,0,63085,0,0,0,1,0,0,0,77.5,"Halozetes belgicae","GBIF"
"Hemigrapsus.nudus_GBIF",0,21,405,66,0,609,19237.5,825,0,0.259259259259259,0.966587112171838,0.589285714285714,0,7.51851851851852,45.9128878281623,7.36607142857143,"Hemigrapsus nudus","GBIF"
"Littorina.littorea_GBIF",0,143,1223,631,0,4147,68488,16406,0,0.323529411764706,0.89075018208303,0.78973717146433,0,9.38235294117647,49.8820101966497,20.5331664580726,"Littorina littorea","GBIF"
"Littorina.obtusata_GBIF",76,371,886,1835,1216,11501,43857,63307.5,0.319327731092437,0.369154228855721,0.754042553191489,0.790607496768634,5.10924369747899,11.4437810945274,37.3251063829787,27.2759586385179,"Littorina obtusata","GBIF"
"Littorina.saxatilis_GBIF",36,478,1575,1624,360,15296,83475,50344,0.315789473684211,0.37111801242236,0.844957081545064,0.727598566308244,3.15789473684211,11.8757763975155,44.7827253218884,22.5555555555556,"Littorina saxatilis","GBIF"
"Macoma.balthica_GBIF",21,743,1455,1095,84,23033,80752.5,31207.5,0.466666666666667,0.362970200293112,0.80788450860633,0.528985507246377,1.86666666666667,11.2520762090865,44.8375902276513,15.0760869565217,"Macoma balthica","GBIF"
"Mytilus.edulis_GBIF",30,670,1586,1371,210,26800,92781,34960.5,0.36144578313253,0.430868167202572,0.80794701986755,0.712948517940718,2.53012048192771,17.2347266881029,47.2649006622517,18.1801872074883,"Mytilus edulis","GBIF"
"Nacella.concinna_GBIF",91,46,12,744,1365,644,138,9300,0.7109375,0.541176470588235,0.27906976744186,0.950191570881226,10.6640625,7.57647058823529,3.2093023255814,11.8773946360153,"Nacella concinna","GBIF"
"Nucella.lapillus_GBIF",55,485,644,1783,770,19400,35420,51707,0.329341317365269,0.434198746642793,0.639523336643495,0.819393382352941,4.61077844311377,17.3679498657117,35.1737835153923,23.7624080882353,"Nucella lapillus","GBIF"
"Petrolisthes.gracilis_GBIF",3,0,261,294,34.5,0,6786,11466,0.0882352941176471,0,0.935483870967742,0.942307692307692,1.01470588235294,0,24.3225806451613,36.75,"Petrolisthes gracilis","GBIF"
"Petrolisthes.hirtipes_GBIF",3,0,262,218,24,0,6943,7303,0.103448275862069,0,0.939068100358423,0.956140350877193,0.827586206896552,0,24.8853046594982,32.030701754386,"Petrolisthes hirtipes","GBIF"
